Site,Partition,alpha,beta,beta-alpha,Prob[alpha>beta],Prob[alpha<beta],BayesFactor[alpha<beta]
1,1,"2.375","0.606","-1.768","0.569","0.374","0.845"
2,1,"1.638","0.623","-1.016","0.551","0.390","0.907"
3,1,"1.281","0.668","-0.613","0.535","0.405","0.965"
4,1,"1.638","0.623","-1.016","0.551","0.390","0.907"
5,1,"2.007","20.181","18.175","0.022","0.951","27.720"
6,1,"1.281","0.668","-0.613","0.535","0.405","0.965"
7,1,"1.497","0.691","-0.805","0.540","0.401","0.948"
8,1,"1.327","0.647","-0.680","0.539","0.402","0.950"
9,1,"1.386","0.611","-0.775","0.545","0.395","0.925"
10,1,"1.002","0.690","-0.313","0.521","0.419","1.019"
11,1,"0.938","0.664","-0.273","0.519","0.420","1.024"
12,1,"1.279","0.635","-0.644","0.539","0.402","0.950"
13,1,"1.642","0.660","-0.982","0.547","0.395","0.923"
14,1,"1.771","0.664","-1.107","0.550","0.392","0.913"
15,1,"1.642","0.653","-0.989","0.548","0.394","0.920"
16,1,"1.281","0.668","-0.613","0.535","0.405","0.965"
17,1,"1.646","0.694","-0.952","0.544","0.398","0.935"
18,1,"1.422","2.815","1.393","0.280","0.666","2.822"
19,1,"1.390","0.664","-0.726","0.539","0.402","0.950"
20,1,"1.001","3.352","2.351","0.248","0.701","3.316"
21,1,"1.803","0.690","-1.113","0.548","0.394","0.920"
22,1,"10.922","0.748","-10.175","0.872","0.101","0.158"
23,1,"20.357","0.853","-19.504","0.923","0.060","0.090"
24,1,"38.325","1.012","-37.313","0.997","0.001","0.001"
25,1,"1.105","9.739","8.634","0.069","0.899","12.591"
26,1,"1.277","0.610","-0.667","0.542","0.399","0.938"
27,1,"1.578","3.136","1.558","0.279","0.668","2.847"
28,1,"7.896","0.771","-7.125","0.844","0.123","0.199"
29,1,"1.281","0.663","-0.618","0.536","0.405","0.963"
30,1,"1.646","0.694","-0.952","0.544","0.398","0.935"
31,1,"1.279","0.635","-0.644","0.539","0.402","0.950"
32,1,"7.840","0.663","-7.177","0.852","0.117","0.188"
33,1,"1.390","0.664","-0.726","0.539","0.402","0.950"
34,1,"1.279","0.633","-0.646","0.539","0.402","0.950"
35,1,"1.282","0.683","-0.598","0.534","0.407","0.971"
36,1,"1.281","0.668","-0.613","0.535","0.405","0.965"
37,1,"1.647","0.702","-0.944","0.543","0.398","0.937"
38,1,"1.080","0.696","-0.383","0.524","0.415","1.006"
39,1,"1.277","0.610","-0.667","0.542","0.399","0.938"
40,1,"1.078","0.665","-0.413","0.527","0.413","0.994"
41,1,"2.118","0.710","-1.408","0.554","0.389","0.902"
42,1,"1.281","0.668","-0.613","0.535","0.405","0.965"
43,1,"7.840","0.663","-7.177","0.852","0.117","0.188"
44,1,"1.803","0.690","-1.113","0.548","0.394","0.920"
45,1,"0.937","0.632","-0.305","0.523","0.416","1.009"
46,1,"1.611","3.896","2.285","0.264","0.683","3.052"
47,1,"1.281","0.668","-0.613","0.535","0.405","0.965"
48,1,"1.497","0.691","-0.805","0.540","0.401","0.948"
49,1,"1.639","0.629","-1.010","0.550","0.391","0.910"
50,1,"12.458","0.795","-11.662","0.881","0.093","0.146"
51,1,"1.446","3.397","1.952","0.268","0.679","2.996"
52,1,"1.771","0.664","-1.107","0.550","0.392","0.913"
53,1,"1.078","0.665","-0.413","0.527","0.413","0.994"
54,1,"1.327","0.647","-0.680","0.539","0.402","0.950"
55,1,"1.076","0.615","-0.461","0.533","0.407","0.970"
56,1,"1.497","0.691","-0.805","0.540","0.401","0.948"
57,1,"1.277","0.610","-0.667","0.542","0.399","0.938"
58,1,"1.076","0.615","-0.461","0.533","0.407","0.970"
59,1,"1.638","0.623","-1.016","0.551","0.390","0.907"
60,1,"0.937","0.632","-0.305","0.523","0.416","1.009"
61,1,"1.646","0.694","-0.952","0.544","0.398","0.935"
62,1,"1.281","0.668","-0.613","0.535","0.405","0.965"
63,1,"1.281","0.663","-0.618","0.536","0.405","0.963"
64,1,"2.382","0.638","-1.744","0.566","0.378","0.859"
65,1,"1.076","0.615","-0.461","0.533","0.407","0.970"
66,1,"1.639","0.629","-1.010","0.550","0.391","0.910"
67,1,"1.434","3.127","1.693","0.273","0.673","2.918"
68,1,"1.500","0.672","-0.827","0.542","0.399","0.941"
69,1,"1.884","2.742","0.858","0.298","0.647","2.598"
70,1,"0.938","0.664","-0.273","0.519","0.420","1.024"
71,1,"1.279","0.635","-0.644","0.539","0.402","0.950"
72,1,"1.138","0.682","-0.457","0.528","0.412","0.991"
73,1,"0.938","0.660","-0.278","0.520","0.419","1.022"
74,1,"1.646","0.694","-0.952","0.544","0.398","0.935"
75,1,"1.282","0.683","-0.598","0.534","0.407","0.971"
76,1,"1.281","0.663","-0.618","0.536","0.405","0.963"
77,1,"1.773","0.681","-1.092","0.548","0.394","0.919"
78,1,"1.548","0.644","-0.904","0.546","0.395","0.925"
79,1,"1.638","0.623","-1.016","0.551","0.390","0.907"
80,1,"32.788","0.931","-31.857","0.993","0.003","0.005"
81,1,"1.079","0.681","-0.398","0.526","0.414","1.001"
82,1,"1.277","0.610","-0.667","0.542","0.399","0.938"
83,1,"5.721","0.710","-5.011","0.823","0.141","0.232"
84,1,"1.002","0.690","-0.313","0.521","0.419","1.019"
85,1,"1.386","0.611","-0.775","0.545","0.395","0.925"
86,1,"1.638","0.623","-1.016","0.551","0.390","0.907"
87,1,"1.646","0.694","-0.952","0.544","0.398","0.935"
88,1,"1.644","0.677","-0.968","0.545","0.396","0.929"
89,1,"1.282","0.683","-0.598","0.534","0.407","0.971"
90,1,"1.281","0.668","-0.613","0.535","0.405","0.965"
91,1,"1.647","0.702","-0.944","0.543","0.398","0.937"
92,1,"1.638","0.623","-1.016","0.551","0.390","0.907"
93,1,"1.434","3.126","1.692","0.273","0.673","2.918"
94,1,"5.719","0.671","-5.049","0.827","0.138","0.226"
95,1,"2.075","14.647","12.572","0.066","0.898","12.417"
96,1,"1.773","0.680","-1.093","0.548","0.394","0.919"
97,1,"1.773","0.681","-1.092","0.548","0.394","0.919"
98,1,"1.279","0.635","-0.644","0.539","0.402","0.950"
99,1,"1.079","0.681","-0.398","0.526","0.414","1.001"
100,1,"1.500","0.672","-0.827","0.542","0.399","0.941"
101,1,"1.500","0.672","-0.827","0.542","0.399","0.941"
102,1,"1.803","0.690","-1.113","0.548","0.394","0.920"
103,1,"0.938","0.680","-0.258","0.518","0.421","1.030"
104,1,"2.382","0.638","-1.744","0.566","0.378","0.859"
105,1,"1.391","0.668","-0.723","0.539","0.402","0.951"
106,1,"1.638","0.623","-1.016","0.551","0.390","0.907"
107,1,"1.282","0.683","-0.598","0.534","0.407","0.971"
108,1,"10.762","0.746","-10.016","0.871","0.101","0.160"
109,1,"1.281","0.663","-0.618","0.536","0.405","0.963"
110,1,"1.497","0.691","-0.805","0.540","0.401","0.948"
111,1,"15.636","0.801","-14.835","0.900","0.078","0.119"
112,1,"1.138","0.666","-0.472","0.530","0.410","0.984"
113,1,"1.773","0.681","-1.092","0.548","0.394","0.919"
114,1,"0.938","0.660","-0.278","0.520","0.419","1.022"
115,1,"1.771","0.664","-1.107","0.550","0.392","0.913"
116,1,"0.937","0.632","-0.305","0.523","0.416","1.009"
117,1,"1.002","0.690","-0.313","0.521","0.419","1.019"
118,1,"1.278","0.623","-0.655","0.540","0.400","0.945"
119,1,"1.391","0.668","-0.723","0.539","0.402","0.951"
120,1,"1.281","0.668","-0.613","0.535","0.405","0.965"
121,1,"1.646","0.694","-0.952","0.544","0.398","0.935"
122,1,"1.079","0.681","-0.398","0.526","0.414","1.001"
123,1,"1.280","0.649","-0.630","0.537","0.403","0.957"
124,1,"1.281","0.663","-0.618","0.536","0.405","0.963"
125,1,"1.646","0.694","-0.952","0.544","0.398","0.935"
126,1,"1.281","0.668","-0.613","0.535","0.405","0.965"
127,1,"1.281","0.668","-0.613","0.535","0.405","0.965"
128,1,"1.391","0.668","-0.723","0.539","0.402","0.951"
129,1,"2.118","0.710","-1.408","0.554","0.389","0.902"
130,1,"0.938","0.664","-0.273","0.519","0.420","1.024"
131,1,"1.642","0.653","-0.989","0.548","0.394","0.920"
132,1,"2.118","0.709","-1.409","0.554","0.389","0.901"
133,1,"1.638","0.623","-1.016","0.551","0.390","0.907"
134,1,"2.115","0.690","-1.425","0.555","0.388","0.896"
135,1,"1.638","0.623","-1.016","0.551","0.390","0.907"
136,1,"1.642","0.653","-0.989","0.548","0.394","0.920"
137,1,"1.646","0.694","-0.952","0.544","0.398","0.935"
138,1,"1.644","0.677","-0.968","0.545","0.396","0.929"
139,1,"1.386","0.611","-0.775","0.545","0.395","0.925"
140,1,"1.643","0.624","-1.020","0.551","0.390","0.907"
141,1,"1.341","0.652","-0.689","0.539","0.402","0.950"
142,1,"1.296","0.689","-0.607","0.534","0.407","0.971"
143,1,"1.295","0.673","-0.622","0.535","0.405","0.965"
144,1,"1.980","4.227","2.248","0.270","0.677","2.970"
145,1,"1.080","0.696","-0.383","0.524","0.415","1.006"
146,1,"7.855","0.671","-7.184","0.851","0.118","0.189"
147,1,"2.118","0.710","-1.408","0.554","0.389","0.902"
148,1,"1.079","0.681","-0.398","0.526","0.414","1.001"
149,1,"1.079","0.681","-0.398","0.526","0.414","1.001"
150,1,"2.118","0.710","-1.408","0.554","0.389","0.902"
151,1,"1.642","0.660","-0.982","0.547","0.395","0.923"
152,1,"2.382","0.638","-1.744","0.566","0.378","0.859"
153,1,"2.375","0.606","-1.768","0.569","0.374","0.845"
154,1,"2.118","0.709","-1.409","0.554","0.389","0.901"
155,1,"1.642","0.660","-0.982","0.547","0.395","0.923"
156,1,"1.773","0.680","-1.093","0.548","0.394","0.919"
157,1,"1.076","0.615","-0.461","0.533","0.407","0.970"
158,1,"1.576","23.713","22.137","0.011","0.971","47.647"
159,1,"1.281","0.668","-0.613","0.535","0.405","0.965"
160,1,"1.647","0.702","-0.944","0.543","0.398","0.937"
161,1,"1.279","0.635","-0.644","0.539","0.402","0.950"
162,1,"1.642","0.660","-0.982","0.547","0.395","0.923"
163,1,"23.862","0.825","-23.037","0.985","0.008","0.011"
164,1,"1.646","0.694","-0.952","0.544","0.398","0.935"
165,1,"1.646","0.694","-0.952","0.544","0.398","0.935"
166,1,"1.078","0.651","-0.427","0.529","0.411","0.988"
167,1,"1.281","0.663","-0.618","0.536","0.405","0.963"
168,1,"1.638","0.623","-1.016","0.551","0.390","0.907"
169,1,"2.118","0.709","-1.409","0.554","0.389","0.901"
170,1,"1.647","0.702","-0.944","0.543","0.398","0.937"
171,1,"0.938","0.664","-0.273","0.519","0.420","1.024"
172,1,"1.279","0.635","-0.644","0.539","0.402","0.950"
173,1,"2.103","3.380","1.277","0.290","0.656","2.703"
174,1,"1.277","0.610","-0.667","0.542","0.399","0.938"
175,1,"1.638","0.623","-1.016","0.551","0.390","0.907"
176,1,"1.755","10.758","9.002","0.081","0.880","10.427"
177,1,"2.375","0.606","-1.768","0.569","0.374","0.845"
178,1,"1.078","0.665","-0.413","0.527","0.413","0.994"
179,1,"1.278","0.623","-0.655","0.540","0.400","0.945"
180,1,"2.118","0.709","-1.409","0.554","0.389","0.901"
181,1,"1.395","0.736","-0.659","0.533","0.407","0.973"
182,1,"2.118","0.710","-1.408","0.554","0.389","0.902"
183,1,"17.089","0.790","-16.299","0.909","0.071","0.108"
184,1,"1.282","0.683","-0.598","0.534","0.407","0.971"
185,1,"1.646","0.694","-0.952","0.544","0.398","0.935"
186,1,"1.076","0.615","-0.461","0.533","0.407","0.970"
187,1,"2.118","0.710","-1.408","0.554","0.389","0.902"
188,1,"1.646","0.694","-0.952","0.544","0.398","0.935"
189,1,"1.278","0.623","-0.655","0.540","0.400","0.945"
190,1,"1.548","0.644","-0.904","0.546","0.395","0.925"
191,1,"2.118","0.709","-1.409","0.554","0.389","0.901"
192,1,"1.638","0.623","-1.016","0.551","0.390","0.907"
193,1,"1.138","0.666","-0.471","0.530","0.410","0.985"
194,1,"1.638","0.623","-1.016","0.551","0.390","0.907"
195,1,"1.773","0.681","-1.092","0.548","0.394","0.919"
196,1,"1.646","0.694","-0.952","0.544","0.398","0.935"
197,1,"1.391","0.668","-0.723","0.539","0.402","0.951"
198,1,"1.644","0.677","-0.968","0.545","0.396","0.929"
199,1,"1.282","0.683","-0.598","0.534","0.407","0.971"
200,1,"1.647","0.702","-0.944","0.543","0.398","0.937"
201,1,"1.638","0.623","-1.016","0.551","0.390","0.907"
202,1,"2.118","0.710","-1.408","0.554","0.389","0.902"
203,1,"1.500","0.672","-0.827","0.542","0.399","0.941"
204,1,"1.647","0.702","-0.944","0.543","0.398","0.937"
205,1,"1.279","0.635","-0.644","0.539","0.402","0.950"
206,1,"1.773","0.681","-1.092","0.548","0.394","0.919"
207,1,"1.077","0.621","-0.456","0.532","0.408","0.974"
208,1,"1.137","0.662","-0.476","0.530","0.410","0.983"
209,1,"1.277","0.610","-0.667","0.542","0.399","0.938"
210,1,"1.391","0.668","-0.723","0.539","0.402","0.951"
211,1,"1.646","0.694","-0.952","0.544","0.398","0.935"
212,1,"1.497","0.691","-0.805","0.540","0.401","0.948"
213,1,"1.138","0.666","-0.471","0.530","0.410","0.985"
214,1,"1.422","2.823","1.401","0.280","0.666","2.824"
215,1,"1.945","3.647","1.702","0.280","0.667","2.835"
216,1,"0.937","0.620","-0.316","0.524","0.415","1.002"
217,1,"1.277","0.610","-0.667","0.542","0.399","0.938"
218,1,"1.771","0.664","-1.107","0.550","0.392","0.913"
219,1,"1.282","0.683","-0.598","0.534","0.407","0.971"
220,1,"1.638","0.623","-1.016","0.551","0.390","0.907"
221,1,"1.138","0.666","-0.472","0.530","0.410","0.984"
222,1,"1.434","3.127","1.693","0.273","0.673","2.918"
223,1,"1.497","0.691","-0.805","0.540","0.401","0.948"
224,1,"2.118","0.709","-1.409","0.554","0.389","0.901"
225,1,"1.386","0.611","-0.775","0.545","0.395","0.925"
226,1,"1.327","0.647","-0.680","0.539","0.402","0.950"
227,1,"1.391","0.669","-0.722","0.539","0.402","0.952"
228,1,"1.644","0.677","-0.968","0.545","0.396","0.929"
229,1,"1.327","0.647","-0.680","0.539","0.402","0.950"
230,1,"1.386","0.611","-0.775","0.545","0.395","0.925"
231,1,"1.500","0.672","-0.827","0.542","0.399","0.941"
232,1,"1.282","0.683","-0.598","0.534","0.407","0.971"
233,1,"12.523","0.769","-11.754","0.882","0.092","0.144"
234,1,"1.079","0.681","-0.398","0.526","0.414","1.001"
235,1,"0.969","0.667","-0.302","0.521","0.418","1.017"
236,1,"1.281","0.663","-0.618","0.536","0.405","0.963"
237,1,"1.548","0.644","-0.904","0.546","0.395","0.925"
238,1,"1.638","0.623","-1.016","0.551","0.390","0.907"
239,1,"2.115","0.690","-1.425","0.555","0.388","0.896"
240,1,"1.444","3.390","1.945","0.268","0.679","2.995"
241,1,"1.497","0.691","-0.805","0.540","0.401","0.948"
242,1,"1.278","0.623","-0.655","0.540","0.400","0.945"
243,1,"1.280","0.649","-0.630","0.537","0.403","0.957"
244,1,"1.497","0.691","-0.805","0.540","0.401","0.948"
245,1,"1.639","0.629","-1.010","0.550","0.391","0.910"
246,1,"1.803","0.690","-1.113","0.548","0.394","0.920"
247,1,"1.642","0.660","-0.982","0.547","0.395","0.923"
248,1,"1.647","0.702","-0.944","0.543","0.398","0.937"
249,1,"1.493","3.074","1.581","0.277","0.670","2.870"
250,1,"1.281","0.663","-0.618","0.536","0.405","0.963"
251,1,"1.277","0.610","-0.667","0.542","0.399","0.938"
252,1,"1.282","0.683","-0.598","0.534","0.407","0.971"
253,1,"1.644","0.677","-0.968","0.545","0.396","0.929"
254,1,"1.279","0.635","-0.644","0.539","0.402","0.950"
255,1,"1.279","0.635","-0.644","0.539","0.402","0.950"
256,1,"1.392","0.688","-0.704","0.537","0.404","0.958"
257,1,"1.282","0.683","-0.598","0.534","0.407","0.971"
258,1,"2.382","0.638","-1.744","0.566","0.378","0.859"
259,1,"1.390","0.664","-0.726","0.539","0.402","0.950"
260,1,"1.280","0.649","-0.630","0.537","0.403","0.957"
261,1,"1.459","3.815","2.356","0.260","0.687","3.114"
262,1,"1.803","12.964","11.162","0.069","0.896","12.138"
263,1,"1.389","0.650","-0.739","0.541","0.400","0.944"
264,1,"1.280","0.649","-0.630","0.537","0.403","0.957"
265,1,"1.647","0.702","-0.944","0.543","0.398","0.937"
266,1,"1.647","0.702","-0.944","0.543","0.398","0.937"
267,1,"8.799","0.737","-8.062","0.855","0.114","0.183"
268,1,"1.282","0.683","-0.598","0.534","0.407","0.971"
269,1,"1.647","0.702","-0.944","0.543","0.398","0.937"
270,1,"1.278","0.623","-0.655","0.540","0.400","0.945"
271,1,"2.115","0.690","-1.425","0.555","0.388","0.896"
272,1,"1.277","0.610","-0.667","0.542","0.399","0.938"
273,1,"1.548","0.644","-0.904","0.546","0.395","0.925"
274,1,"1.281","0.663","-0.618","0.536","0.405","0.963"
275,1,"1.638","0.623","-1.016","0.551","0.390","0.907"
276,1,"1.002","0.690","-0.313","0.521","0.419","1.019"
277,1,"1.497","0.691","-0.805","0.540","0.401","0.948"
278,1,"2.118","0.710","-1.408","0.554","0.389","0.902"
279,1,"1.647","0.702","-0.944","0.543","0.398","0.937"
280,1,"1.646","0.694","-0.952","0.544","0.398","0.935"
281,1,"2.118","0.709","-1.409","0.554","0.389","0.901"
282,1,"1.646","0.694","-0.952","0.544","0.398","0.935"
283,1,"1.395","0.736","-0.659","0.533","0.407","0.973"
284,1,"0.938","0.660","-0.278","0.520","0.419","1.022"
285,1,"1.391","0.668","-0.723","0.539","0.402","0.951"
286,1,"1.390","0.664","-0.726","0.539","0.402","0.950"
287,1,"1.644","0.677","-0.968","0.545","0.396","0.929"
288,1,"1.280","0.649","-0.630","0.537","0.403","0.957"
289,1,"1.391","0.669","-0.722","0.539","0.402","0.952"
290,1,"1.078","0.665","-0.413","0.527","0.413","0.994"
291,1,"1.642","0.653","-0.989","0.548","0.394","0.920"
292,1,"1.389","0.650","-0.739","0.541","0.400","0.944"
293,1,"1.278","0.623","-0.655","0.540","0.400","0.945"
294,1,"1.078","0.665","-0.413","0.527","0.413","0.994"
295,1,"1.277","0.610","-0.667","0.542","0.399","0.938"
296,1,"5.706","0.656","-5.049","0.828","0.137","0.225"
297,1,"1.392","0.688","-0.704","0.537","0.404","0.958"
298,1,"2.118","0.709","-1.409","0.554","0.389","0.901"
299,1,"1.390","0.664","-0.726","0.539","0.402","0.950"
300,1,"1.773","0.681","-1.092","0.548","0.394","0.919"
301,1,"1.642","0.653","-0.989","0.548","0.394","0.920"
302,1,"24.041","0.854","-23.187","0.985","0.008","0.012"
303,1,"1.327","0.647","-0.680","0.539","0.402","0.950"
304,1,"2.118","0.710","-1.408","0.554","0.389","0.902"
305,1,"0.937","0.632","-0.305","0.523","0.416","1.009"
306,1,"7.840","0.663","-7.177","0.852","0.117","0.188"
307,1,"1.281","0.663","-0.618","0.536","0.405","0.963"
308,1,"1.391","0.669","-0.722","0.539","0.402","0.952"
309,1,"2.118","0.709","-1.409","0.554","0.389","0.901"
310,1,"2.118","0.710","-1.408","0.554","0.389","0.902"
311,1,"1.395","0.736","-0.659","0.533","0.407","0.973"
312,1,"19.924","0.840","-19.084","0.979","0.012","0.017"
313,1,"1.647","0.702","-0.944","0.543","0.398","0.937"
314,1,"2.115","0.690","-1.425","0.555","0.388","0.896"
315,1,"1.281","0.663","-0.618","0.536","0.405","0.963"
316,1,"1.279","0.635","-0.644","0.539","0.402","0.950"
317,1,"1.079","0.681","-0.398","0.526","0.414","1.001"
318,1,"1.638","0.623","-1.016","0.551","0.390","0.907"
319,1,"2.179","3.923","1.743","0.281","0.665","2.816"
320,1,"0.938","0.664","-0.273","0.519","0.420","1.024"
321,1,"2.115","0.690","-1.425","0.555","0.388","0.896"
322,1,"1.386","0.611","-0.775","0.545","0.395","0.925"
323,1,"1.390","0.664","-0.726","0.539","0.402","0.950"
324,1,"2.118","0.709","-1.409","0.554","0.389","0.901"
325,1,"1.279","0.635","-0.644","0.539","0.402","0.950"
326,1,"1.391","0.668","-0.723","0.539","0.402","0.951"
327,1,"1.281","0.668","-0.613","0.535","0.405","0.965"
328,1,"1.803","0.690","-1.113","0.548","0.394","0.920"
329,1,"1.638","0.623","-1.016","0.551","0.390","0.907"
330,1,"1.277","0.610","-0.667","0.542","0.399","0.938"
331,1,"1.646","0.694","-0.952","0.544","0.398","0.935"
332,1,"1.391","0.668","-0.723","0.539","0.402","0.951"
333,1,"1.390","0.664","-0.726","0.539","0.402","0.950"
334,1,"1.079","0.681","-0.398","0.526","0.414","1.001"
335,1,"1.327","0.647","-0.680","0.539","0.402","0.950"
336,1,"1.078","0.651","-0.427","0.529","0.411","0.988"
337,1,"1.277","0.610","-0.667","0.542","0.399","0.938"
338,1,"1.638","0.623","-1.016","0.551","0.390","0.907"
339,1,"1.282","0.683","-0.598","0.534","0.407","0.971"
340,1,"2.118","0.709","-1.409","0.554","0.389","0.901"
341,1,"1.281","0.668","-0.613","0.535","0.405","0.965"
342,1,"1.638","0.623","-1.016","0.551","0.390","0.907"
343,1,"1.079","0.681","-0.398","0.526","0.414","1.001"
344,1,"0.937","0.647","-0.291","0.521","0.418","1.016"
345,1,"5.720","0.705","-5.015","0.824","0.140","0.231"
346,1,"1.803","0.690","-1.113","0.548","0.394","0.920"
347,1,"1.638","0.623","-1.016","0.551","0.390","0.907"
348,1,"1.389","0.650","-0.739","0.541","0.400","0.944"
349,1,"1.279","0.635","-0.644","0.539","0.402","0.950"
350,1,"1.281","0.668","-0.613","0.535","0.405","0.965"
351,1,"1.647","0.702","-0.944","0.543","0.398","0.937"
352,1,"1.280","0.649","-0.630","0.537","0.403","0.957"
353,1,"2.382","0.638","-1.744","0.566","0.378","0.859"
354,1,"1.079","0.681","-0.398","0.526","0.414","1.001"
355,1,"1.548","0.644","-0.904","0.546","0.395","0.925"
356,1,"1.773","0.681","-1.092","0.548","0.394","0.919"
357,1,"1.803","0.690","-1.113","0.548","0.394","0.920"
358,1,"0.969","0.667","-0.302","0.521","0.418","1.017"
359,1,"1.078","0.650","-0.428","0.529","0.411","0.988"
360,1,"1.079","0.681","-0.398","0.526","0.414","1.001"
361,1,"15.582","0.761","-14.821","0.902","0.077","0.118"
362,1,"1.281","0.668","-0.613","0.535","0.405","0.965"
363,1,"1.280","0.649","-0.630","0.537","0.403","0.957"
364,1,"1.644","0.677","-0.968","0.545","0.396","0.929"
365,1,"1.647","0.702","-0.944","0.543","0.398","0.937"
366,1,"1.279","0.635","-0.644","0.539","0.402","0.950"
367,1,"0.938","0.664","-0.273","0.519","0.420","1.024"
368,1,"1.002","0.690","-0.313","0.521","0.419","1.019"
369,1,"1.647","0.702","-0.944","0.543","0.398","0.937"
370,1,"1.646","0.694","-0.952","0.544","0.398","0.935"
371,1,"0.937","0.632","-0.305","0.523","0.416","1.009"
372,1,"1.389","0.650","-0.739","0.541","0.400","0.944"
373,1,"1.392","0.688","-0.704","0.537","0.404","0.958"
374,1,"1.638","0.623","-1.016","0.551","0.390","0.907"
375,1,"0.937","0.632","-0.305","0.523","0.416","1.009"
376,1,"1.281","0.663","-0.618","0.536","0.405","0.963"
377,1,"1.638","0.623","-1.016","0.551","0.390","0.907"
378,1,"1.773","0.681","-1.092","0.548","0.394","0.919"
379,1,"1.642","0.653","-0.989","0.548","0.394","0.920"
380,1,"1.647","0.702","-0.944","0.543","0.398","0.937"
381,1,"1.395","0.736","-0.659","0.533","0.407","0.973"
382,1,"1.138","0.666","-0.471","0.530","0.410","0.985"
383,1,"1.279","0.635","-0.644","0.539","0.402","0.950"
384,1,"1.277","0.610","-0.667","0.542","0.399","0.938"
385,1,"1.444","3.388","1.944","0.268","0.679","2.995"
386,1,"2.118","0.710","-1.408","0.554","0.389","0.902"
387,1,"1.497","0.691","-0.805","0.540","0.401","0.948"
388,1,"1.646","0.694","-0.952","0.544","0.398","0.935"
389,1,"1.950","3.642","1.692","0.280","0.667","2.831"
390,1,"0.937","0.620","-0.316","0.524","0.415","1.002"
391,1,"1.078","0.651","-0.427","0.529","0.411","0.988"
392,1,"1.638","0.623","-1.016","0.551","0.390","0.907"
393,1,"1.281","0.663","-0.618","0.536","0.405","0.963"
394,1,"1.646","0.694","-0.952","0.544","0.398","0.935"
395,1,"0.938","0.664","-0.273","0.519","0.420","1.024"
396,1,"1.647","0.702","-0.944","0.543","0.398","0.937"
397,1,"1.389","0.650","-0.739","0.541","0.400","0.944"
398,1,"1.644","0.677","-0.968","0.545","0.396","0.929"
399,1,"1.392","0.688","-0.704","0.537","0.404","0.958"
400,1,"1.638","0.623","-1.016","0.551","0.390","0.907"
401,1,"1.391","0.669","-0.722","0.539","0.402","0.952"
402,1,"1.391","0.668","-0.723","0.539","0.402","0.951"
403,1,"1.803","0.690","-1.113","0.548","0.394","0.920"
404,1,"1.282","0.683","-0.598","0.534","0.407","0.971"
405,1,"1.644","0.677","-0.968","0.545","0.396","0.929"
406,1,"2.118","0.709","-1.409","0.554","0.389","0.901"
407,1,"0.938","0.664","-0.273","0.519","0.420","1.024"
408,1,"1.803","0.690","-1.113","0.548","0.394","0.920"
409,1,"2.115","0.690","-1.425","0.555","0.388","0.896"
410,1,"0.969","0.667","-0.302","0.521","0.418","1.017"
411,1,"1.280","0.649","-0.630","0.537","0.403","0.957"
412,1,"12.394","0.680","-11.714","0.887","0.089","0.139"
413,1,"1.138","0.682","-0.457","0.528","0.412","0.991"
414,1,"2.115","0.690","-1.425","0.555","0.388","0.896"
415,1,"1.281","0.663","-0.618","0.536","0.405","0.963"
416,1,"1.395","0.736","-0.659","0.533","0.407","0.973"
417,1,"1.773","0.681","-1.092","0.548","0.394","0.919"
418,1,"1.391","0.668","-0.723","0.539","0.402","0.951"
419,1,"1.280","0.649","-0.630","0.537","0.403","0.957"
420,1,"1.644","0.677","-0.968","0.545","0.396","0.929"
421,1,"1.647","0.702","-0.944","0.543","0.398","0.937"
422,1,"1.646","0.694","-0.952","0.544","0.398","0.935"
423,1,"1.647","0.702","-0.944","0.543","0.398","0.937"
424,1,"2.118","0.710","-1.408","0.554","0.389","0.902"
425,1,"1.497","0.691","-0.805","0.540","0.401","0.948"
426,1,"1.386","0.611","-0.775","0.545","0.395","0.925"
427,1,"1.644","0.677","-0.968","0.545","0.396","0.929"
428,1,"1.644","0.677","-0.968","0.545","0.396","0.929"
429,1,"1.638","0.623","-1.016","0.551","0.390","0.907"
430,1,"1.390","0.664","-0.726","0.539","0.402","0.950"
431,1,"0.938","0.680","-0.258","0.518","0.421","1.030"
432,1,"1.078","0.651","-0.427","0.529","0.411","0.988"
433,1,"1.281","0.668","-0.613","0.535","0.405","0.965"
434,1,"1.500","0.672","-0.827","0.542","0.399","0.941"
435,1,"1.280","0.649","-0.630","0.537","0.403","0.957"
436,1,"2.382","0.638","-1.744","0.566","0.378","0.859"
437,1,"1.646","0.694","-0.952","0.544","0.398","0.935"
438,1,"1.279","0.635","-0.644","0.539","0.402","0.950"
439,1,"1.197","3.785","2.589","0.250","0.699","3.281"
440,1,"4.414","50.000","45.586","0.000","0.971","46.912"
441,1,"1.278","0.623","-0.655","0.540","0.400","0.945"
442,1,"1.644","0.677","-0.968","0.545","0.396","0.929"
443,1,"1.279","0.635","-0.644","0.539","0.402","0.950"
444,1,"1.773","0.681","-1.092","0.548","0.394","0.919"
445,1,"1.281","0.668","-0.613","0.535","0.405","0.965"
446,1,"1.282","0.683","-0.598","0.534","0.407","0.971"
447,1,"27.364","0.920","-26.444","0.988","0.006","0.009"
448,1,"1.967","4.007","2.040","0.274","0.673","2.920"
449,1,"1.647","0.702","-0.944","0.543","0.398","0.937"
450,1,"1.646","0.694","-0.952","0.544","0.398","0.935"
451,1,"1.080","0.696","-0.383","0.524","0.415","1.006"
452,1,"0.900","0.688","-0.212","0.515","0.424","1.043"
453,1,"1.647","0.702","-0.944","0.543","0.398","0.937"
454,1,"1.803","0.690","-1.113","0.548","0.394","0.920"
455,1,"1.327","0.647","-0.680","0.539","0.402","0.950"
456,1,"1.638","0.623","-1.016","0.551","0.390","0.907"
457,1,"1.548","0.644","-0.904","0.546","0.395","0.925"
458,1,"1.773","0.681","-1.092","0.548","0.394","0.919"
459,1,"1.279","0.635","-0.644","0.539","0.402","0.950"
460,1,"1.646","0.694","-0.952","0.544","0.398","0.935"
461,1,"0.937","0.620","-0.316","0.524","0.415","1.002"
462,1,"2.118","0.710","-1.408","0.554","0.389","0.902"
463,1,"1.277","0.610","-0.667","0.542","0.399","0.938"
464,1,"1.638","0.623","-1.016","0.551","0.390","0.907"
465,1,"1.773","0.680","-1.093","0.548","0.394","0.919"
466,1,"1.803","0.690","-1.113","0.548","0.394","0.920"
467,1,"1.644","0.677","-0.968","0.545","0.396","0.929"
468,1,"1.391","0.668","-0.723","0.539","0.402","0.951"
469,1,"1.392","0.688","-0.704","0.537","0.404","0.958"
470,1,"1.281","0.663","-0.618","0.536","0.405","0.963"
471,1,"27.211","20.498","-6.713","0.511","0.304","0.617"
472,1,"0.969","0.667","-0.302","0.521","0.418","1.017"
473,1,"15.547","0.842","-14.704","0.898","0.079","0.122"
474,1,"1.771","0.664","-1.107","0.550","0.392","0.913"
475,1,"0.937","0.647","-0.291","0.521","0.418","1.016"
476,1,"1.282","0.683","-0.598","0.534","0.407","0.971"
477,1,"1.078","0.650","-0.428","0.529","0.411","0.988"
478,1,"1.594","3.421","1.827","0.273","0.674","2.925"
479,1,"1.277","0.610","-0.667","0.542","0.399","0.938"
480,1,"1.642","0.653","-0.989","0.548","0.394","0.920"
481,1,"1.646","0.694","-0.952","0.544","0.398","0.935"
482,1,"1.282","0.683","-0.598","0.534","0.407","0.971"
483,1,"1.281","0.668","-0.613","0.535","0.405","0.965"
484,1,"4.812","44.931","40.118","0.009","0.954","29.515"
485,1,"1.282","0.683","-0.598","0.534","0.407","0.971"
486,1,"1.638","0.623","-1.016","0.551","0.390","0.907"
487,1,"1.646","0.694","-0.952","0.544","0.398","0.935"
488,1,"1.642","0.653","-0.989","0.548","0.394","0.920"
489,1,"1.080","0.696","-0.383","0.524","0.415","1.006"
490,1,"1.638","0.623","-1.016","0.551","0.390","0.907"
491,1,"1.277","0.610","-0.667","0.542","0.399","0.938"
492,1,"1.497","0.691","-0.805","0.540","0.401","0.948"
493,1,"2.603","3.888","1.285","0.293","0.653","2.665"
494,1,"1.610","3.887","2.277","0.265","0.683","3.050"
495,1,"1.647","0.702","-0.944","0.543","0.398","0.937"
496,1,"1.282","0.683","-0.598","0.534","0.407","0.971"
497,1,"1.076","0.615","-0.461","0.533","0.407","0.970"
498,1,"2.115","0.690","-1.425","0.555","0.388","0.896"
499,1,"0.936","0.608","-0.328","0.526","0.413","0.995"
500,1,"1.281","0.663","-0.618","0.536","0.405","0.963"
501,1,"1.968","4.017","2.050","0.273","0.674","2.922"
502,1,"1.282","0.683","-0.598","0.534","0.407","0.971"
503,1,"1.281","0.668","-0.613","0.535","0.405","0.965"
504,1,"1.282","0.683","-0.598","0.534","0.407","0.971"
505,1,"1.080","0.696","-0.383","0.524","0.415","1.006"
506,1,"2.115","0.690","-1.425","0.555","0.388","0.896"
507,1,"1.386","0.611","-0.775","0.545","0.395","0.925"
508,1,"1.080","0.696","-0.383","0.524","0.415","1.006"
509,1,"1.803","0.690","-1.113","0.548","0.394","0.920"
510,1,"1.391","0.669","-0.722","0.539","0.402","0.952"
511,1,"1.391","0.669","-0.722","0.539","0.402","0.952"
512,1,"12.454","0.767","-11.688","0.882","0.092","0.144"
513,1,"1.278","0.623","-0.655","0.540","0.400","0.945"
514,1,"1.279","0.635","-0.644","0.539","0.402","0.950"
515,1,"1.638","0.623","-1.016","0.551","0.390","0.907"
516,1,"2.118","0.709","-1.409","0.554","0.389","0.901"
517,1,"1.278","0.623","-0.655","0.540","0.400","0.945"
518,1,"1.002","0.690","-0.313","0.521","0.419","1.019"
519,1,"1.639","0.629","-1.010","0.550","0.391","0.910"
520,1,"1.389","0.650","-0.739","0.541","0.400","0.944"
521,1,"1.386","0.611","-0.775","0.545","0.395","0.925"
522,1,"1.578","3.136","1.558","0.279","0.668","2.847"
523,1,"1.281","0.663","-0.618","0.536","0.405","0.963"
524,1,"1.281","0.668","-0.613","0.535","0.405","0.965"
525,1,"1.642","0.653","-0.989","0.548","0.394","0.920"
526,1,"1.395","0.736","-0.659","0.533","0.407","0.973"
527,1,"1.277","0.610","-0.667","0.542","0.399","0.938"
528,1,"2.118","0.710","-1.408","0.554","0.389","0.902"
529,1,"1.773","0.681","-1.092","0.548","0.394","0.919"
530,1,"1.279","0.635","-0.644","0.539","0.402","0.950"
531,1,"1.281","0.663","-0.618","0.536","0.405","0.963"
532,1,"1.646","0.694","-0.952","0.544","0.398","0.935"
533,1,"1.327","0.647","-0.680","0.539","0.402","0.950"
534,1,"1.281","0.668","-0.613","0.535","0.405","0.965"
535,1,"2.118","0.710","-1.408","0.554","0.389","0.902"
536,1,"1.079","0.681","-0.398","0.526","0.414","1.001"
537,1,"2.118","0.710","-1.408","0.554","0.389","0.902"
538,1,"1.642","0.653","-0.989","0.548","0.394","0.920"
539,1,"0.938","0.664","-0.273","0.519","0.420","1.024"
540,1,"1.646","0.694","-0.952","0.544","0.398","0.935"
541,1,"1.076","0.615","-0.461","0.533","0.407","0.970"
542,1,"7.900","0.751","-7.149","0.846","0.122","0.197"
543,1,"7.875","0.664","-7.211","0.852","0.117","0.188"
544,1,"1.646","0.694","-0.952","0.544","0.398","0.935"
545,1,"1.282","0.683","-0.598","0.534","0.407","0.971"
546,1,"1.497","0.691","-0.805","0.540","0.401","0.948"
547,1,"14.545","4.414","-10.132","0.704","0.218","0.394"
548,1,"0.938","0.680","-0.258","0.518","0.421","1.030"
549,1,"1.390","0.664","-0.726","0.539","0.402","0.950"
550,1,"1.282","0.683","-0.598","0.534","0.407","0.971"
551,1,"1.281","0.668","-0.613","0.535","0.405","0.965"
552,1,"1.278","0.623","-0.655","0.540","0.400","0.945"
553,1,"1.281","0.663","-0.618","0.536","0.405","0.963"
554,1,"1.773","0.680","-1.093","0.548","0.394","0.919"
555,1,"1.279","0.635","-0.644","0.539","0.402","0.950"
556,1,"1.079","0.681","-0.398","0.526","0.414","1.001"
557,1,"2.118","0.710","-1.408","0.554","0.389","0.902"
558,1,"2.128","3.723","1.595","0.284","0.663","2.784"
559,1,"1.638","0.623","-1.016","0.551","0.390","0.907"
560,1,"0.900","0.688","-0.212","0.515","0.424","1.043"
561,1,"1.277","0.610","-0.667","0.542","0.399","0.938"
562,1,"1.076","0.615","-0.461","0.533","0.407","0.970"
563,1,"2.115","0.690","-1.425","0.555","0.388","0.896"
564,1,"2.115","0.690","-1.425","0.555","0.388","0.896"
565,1,"1.638","0.623","-1.016","0.551","0.390","0.907"
566,1,"0.938","0.680","-0.258","0.518","0.421","1.030"
567,1,"1.803","0.690","-1.113","0.548","0.394","0.920"
568,1,"1.078","0.665","-0.413","0.527","0.413","0.994"
569,1,"1.391","0.668","-0.723","0.539","0.402","0.951"
570,1,"1.280","0.649","-0.630","0.537","0.403","0.957"
571,1,"1.078","0.665","-0.413","0.527","0.413","0.994"
572,1,"1.281","0.663","-0.618","0.536","0.405","0.963"
573,1,"1.281","0.663","-0.618","0.536","0.405","0.963"
574,1,"1.644","0.677","-0.968","0.545","0.396","0.929"
575,1,"1.280","0.649","-0.630","0.537","0.403","0.957"
576,1,"0.938","0.664","-0.273","0.519","0.420","1.024"
577,1,"1.279","0.633","-0.646","0.539","0.402","0.950"
578,1,"1.644","0.677","-0.968","0.545","0.396","0.929"
579,1,"1.386","0.611","-0.775","0.545","0.395","0.925"
580,1,"1.771","0.664","-1.107","0.550","0.392","0.913"
581,1,"1.390","0.664","-0.726","0.539","0.402","0.950"
582,1,"1.278","0.623","-0.655","0.540","0.400","0.945"
583,1,"19.792","5.193","-14.599","0.755","0.172","0.294"
584,1,"1.391","0.668","-0.723","0.539","0.402","0.951"
585,1,"1.278","0.623","-0.655","0.540","0.400","0.945"
586,1,"1.078","0.665","-0.413","0.527","0.413","0.994"
587,1,"1.391","0.668","-0.723","0.539","0.402","0.951"
588,1,"1.390","0.664","-0.726","0.539","0.402","0.950"
589,1,"1.386","0.611","-0.775","0.545","0.395","0.925"
590,1,"1.642","0.653","-0.989","0.548","0.394","0.920"
591,1,"1.279","0.635","-0.644","0.539","0.402","0.950"
592,1,"1.638","0.623","-1.016","0.551","0.390","0.907"
593,1,"1.282","0.683","-0.598","0.534","0.407","0.971"
594,1,"1.282","0.683","-0.598","0.534","0.407","0.971"
595,1,"0.938","0.664","-0.273","0.519","0.420","1.024"
596,1,"1.642","0.660","-0.982","0.547","0.395","0.923"
597,1,"1.281","0.668","-0.613","0.535","0.405","0.965"
598,1,"1.500","0.672","-0.827","0.542","0.399","0.941"
599,1,"1.390","0.664","-0.726","0.539","0.402","0.950"
600,1,"1.386","0.611","-0.775","0.545","0.395","0.925"
601,1,"1.395","0.736","-0.659","0.533","0.407","0.973"
602,1,"1.390","0.664","-0.726","0.539","0.402","0.950"
603,1,"1.646","0.694","-0.952","0.544","0.398","0.935"
604,1,"1.281","0.663","-0.618","0.536","0.405","0.963"
605,1,"1.279","0.635","-0.644","0.539","0.402","0.950"
606,1,"1.079","0.681","-0.398","0.526","0.414","1.001"
607,1,"1.771","0.664","-1.107","0.550","0.392","0.913"
608,1,"1.281","0.668","-0.613","0.535","0.405","0.965"
609,1,"1.280","0.649","-0.630","0.537","0.403","0.957"
610,1,"1.281","0.668","-0.613","0.535","0.405","0.965"
611,1,"1.278","0.623","-0.655","0.540","0.400","0.945"
612,1,"1.647","0.702","-0.944","0.543","0.398","0.937"
613,1,"2.095","3.356","1.260","0.290","0.656","2.700"
614,1,"1.462","3.822","2.359","0.260","0.687","3.113"
615,1,"1.450","3.479","2.030","0.267","0.681","3.019"
616,1,"1.188","3.790","2.602","0.250","0.699","3.289"
617,1,"1.078","0.652","-0.426","0.528","0.411","0.989"
618,1,"12.454","0.759","-11.695","0.883","0.092","0.144"
619,1,"2.118","0.709","-1.409","0.554","0.389","0.901"
620,1,"0.938","0.664","-0.273","0.519","0.420","1.024"
621,1,"1.277","0.610","-0.667","0.542","0.399","0.938"
622,1,"1.281","0.668","-0.613","0.535","0.405","0.965"
623,1,"1.280","0.649","-0.630","0.537","0.403","0.957"
624,1,"1.391","0.668","-0.723","0.539","0.402","0.951"
625,1,"1.639","0.629","-1.010","0.550","0.391","0.910"
626,1,"1.389","0.650","-0.739","0.541","0.400","0.944"
627,1,"1.644","0.677","-0.968","0.545","0.396","0.929"
628,1,"2.115","0.690","-1.425","0.555","0.388","0.896"
629,1,"1.278","0.623","-0.655","0.540","0.400","0.945"
630,1,"1.281","0.663","-0.618","0.536","0.405","0.963"
631,1,"1.277","0.610","-0.667","0.542","0.399","0.938"
632,1,"1.281","0.663","-0.618","0.536","0.405","0.963"
633,1,"2.382","0.638","-1.744","0.566","0.378","0.859"
634,1,"1.279","0.633","-0.646","0.539","0.402","0.950"
635,1,"1.281","0.668","-0.613","0.535","0.405","0.965"
636,1,"1.647","0.702","-0.944","0.543","0.398","0.937"
637,1,"1.279","0.635","-0.644","0.539","0.402","0.950"
638,1,"12.334","0.758","-11.576","0.882","0.093","0.145"
639,1,"1.282","0.683","-0.598","0.534","0.407","0.971"
640,1,"1.776","11.733","9.958","0.075","0.888","11.179"
641,1,"1.646","0.694","-0.952","0.544","0.398","0.935"
642,1,"1.281","0.668","-0.613","0.535","0.405","0.965"
643,1,"1.638","0.623","-1.016","0.551","0.390","0.907"
644,1,"2.115","0.690","-1.425","0.555","0.388","0.896"
645,1,"1.390","0.664","-0.726","0.539","0.402","0.950"
646,1,"1.279","0.633","-0.646","0.539","0.402","0.950"
647,1,"1.389","0.650","-0.739","0.541","0.400","0.944"
648,1,"5.735","0.730","-5.006","0.822","0.142","0.234"
649,1,"1.642","0.653","-0.989","0.548","0.394","0.920"
650,1,"1.497","0.691","-0.805","0.540","0.401","0.948"
651,1,"1.500","0.672","-0.827","0.542","0.399","0.941"
652,1,"1.138","0.682","-0.457","0.528","0.412","0.991"
653,1,"1.280","0.649","-0.630","0.537","0.403","0.957"
654,1,"2.647","4.299","1.652","0.287","0.660","2.744"
655,1,"1.639","0.629","-1.010","0.550","0.391","0.910"
656,1,"0.938","0.664","-0.273","0.519","0.420","1.024"
657,1,"1.079","0.681","-0.398","0.526","0.414","1.001"
658,1,"1.079","0.681","-0.398","0.526","0.414","1.001"
659,1,"1.392","0.688","-0.704","0.537","0.404","0.958"
660,1,"1.647","0.702","-0.944","0.543","0.398","0.937"
661,1,"1.773","0.680","-1.093","0.548","0.394","0.919"
662,1,"1.642","0.653","-0.989","0.548","0.394","0.920"
663,1,"1.078","0.665","-0.413","0.527","0.413","0.994"
664,1,"1.500","0.672","-0.827","0.542","0.399","0.941"
665,1,"5.735","0.642","-5.093","0.830","0.135","0.222"
666,1,"1.391","0.668","-0.723","0.539","0.402","0.951"
667,1,"1.282","0.683","-0.598","0.534","0.407","0.971"
668,1,"1.389","0.650","-0.739","0.541","0.400","0.944"
669,1,"1.282","0.683","-0.598","0.534","0.407","0.971"
670,1,"1.744","3.576","1.832","0.275","0.672","2.899"
671,1,"1.078","0.651","-0.427","0.529","0.411","0.988"
672,1,"1.280","0.649","-0.630","0.537","0.403","0.957"
673,1,"1.642","0.660","-0.982","0.547","0.395","0.923"
674,1,"1.647","0.702","-0.944","0.543","0.398","0.937"
675,1,"1.771","0.664","-1.107","0.550","0.392","0.913"
676,1,"1.281","0.663","-0.618","0.536","0.405","0.963"
677,1,"2.102","3.376","1.274","0.290","0.656","2.703"
678,1,"1.281","0.663","-0.618","0.536","0.405","0.963"
679,1,"1.646","0.694","-0.952","0.544","0.398","0.935"
680,1,"1.279","0.635","-0.644","0.539","0.402","0.950"
681,1,"1.878","2.742","0.864","0.298","0.648","2.600"
682,1,"6.887","0.711","-6.175","0.838","0.129","0.209"
683,1,"1.101","3.303","2.202","0.255","0.694","3.203"
684,1,"1.389","0.650","-0.739","0.541","0.400","0.944"
685,1,"1.279","0.633","-0.646","0.539","0.402","0.950"
686,1,"1.642","0.660","-0.982","0.547","0.395","0.923"
687,1,"1.391","0.669","-0.722","0.539","0.402","0.952"
688,1,"2.067","25.539","23.473","0.016","0.962","36.327"
689,1,"1.642","0.660","-0.982","0.547","0.395","0.923"
690,1,"2.115","0.690","-1.425","0.555","0.388","0.896"
691,1,"0.937","0.632","-0.305","0.523","0.416","1.009"
692,1,"7.143","0.726","-6.417","0.840","0.127","0.206"
693,1,"1.391","0.668","-0.723","0.539","0.402","0.951"
694,1,"0.937","0.647","-0.291","0.521","0.418","1.016"
695,1,"1.080","0.696","-0.383","0.524","0.415","1.006"
696,1,"1.281","0.663","-0.618","0.536","0.405","0.963"
697,1,"2.375","0.606","-1.768","0.569","0.374","0.845"
698,1,"1.392","0.688","-0.704","0.537","0.404","0.958"
699,1,"1.278","0.623","-0.655","0.540","0.400","0.945"
700,1,"1.282","0.683","-0.598","0.534","0.407","0.971"
701,1,"1.389","0.650","-0.739","0.541","0.400","0.944"
702,1,"2.118","0.709","-1.409","0.554","0.389","0.901"
703,1,"1.646","0.694","-0.952","0.544","0.398","0.935"
704,1,"2.114","16.112","13.998","0.061","0.905","13.469"
705,1,"1.281","0.668","-0.613","0.535","0.405","0.965"
706,1,"1.280","0.649","-0.630","0.537","0.403","0.957"
707,1,"7.883","0.771","-7.112","0.844","0.123","0.199"
708,1,"1.279","0.635","-0.644","0.539","0.402","0.950"
709,1,"1.646","0.694","-0.952","0.544","0.398","0.935"
710,1,"1.079","0.681","-0.398","0.526","0.414","1.001"
711,1,"1.279","0.635","-0.644","0.539","0.402","0.950"
712,1,"1.391","0.668","-0.723","0.539","0.402","0.951"
713,1,"0.937","0.647","-0.291","0.521","0.418","1.016"
714,1,"1.500","0.672","-0.827","0.542","0.399","0.941"
715,1,"5.701","0.641","-5.060","0.829","0.136","0.222"
716,1,"1.390","0.664","-0.726","0.539","0.402","0.950"
717,1,"1.646","0.694","-0.952","0.544","0.398","0.935"
718,1,"1.638","0.623","-1.016","0.551","0.390","0.907"
719,1,"1.281","0.663","-0.618","0.536","0.405","0.963"
720,1,"1.391","0.668","-0.723","0.539","0.402","0.951"
721,1,"1.642","0.660","-0.982","0.547","0.395","0.923"
722,1,"1.281","0.668","-0.613","0.535","0.405","0.965"
723,1,"0.938","0.660","-0.278","0.520","0.419","1.022"
724,1,"1.390","0.664","-0.726","0.539","0.402","0.950"
725,1,"2.118","0.709","-1.409","0.554","0.389","0.901"
726,1,"1.391","0.668","-0.723","0.539","0.402","0.951"
727,1,"1.002","0.690","-0.313","0.521","0.419","1.019"
728,1,"12.394","0.680","-11.714","0.887","0.089","0.139"
729,1,"1.138","0.666","-0.471","0.530","0.410","0.985"
730,1,"1.279","0.635","-0.644","0.539","0.402","0.950"
731,1,"2.375","0.606","-1.768","0.569","0.374","0.845"
732,1,"0.938","0.660","-0.278","0.520","0.419","1.022"
733,1,"1.773","0.681","-1.092","0.548","0.394","0.919"
734,1,"1.390","0.664","-0.726","0.539","0.402","0.950"
735,1,"2.037","13.160","11.123","0.073","0.889","11.364"
736,1,"1.391","0.669","-0.722","0.539","0.402","0.952"
737,1,"1.644","0.677","-0.968","0.545","0.396","0.929"
738,1,"1.642","0.653","-0.989","0.548","0.394","0.920"
739,1,"1.390","0.664","-0.726","0.539","0.402","0.950"
740,1,"2.375","0.606","-1.768","0.569","0.374","0.845"
741,1,"1.080","0.696","-0.383","0.524","0.415","1.006"
742,1,"1.391","0.668","-0.723","0.539","0.402","0.951"
743,1,"1.642","0.653","-0.989","0.548","0.394","0.920"
744,1,"1.282","0.683","-0.598","0.534","0.407","0.971"
745,1,"1.644","0.677","-0.968","0.545","0.396","0.929"
746,1,"12.470","0.796","-11.675","0.881","0.093","0.146"
747,1,"1.281","0.663","-0.618","0.536","0.405","0.963"
748,1,"2.118","0.709","-1.409","0.554","0.389","0.901"
749,1,"1.078","0.651","-0.427","0.529","0.411","0.988"
750,1,"1.078","0.650","-0.428","0.529","0.411","0.988"
751,1,"1.646","0.694","-0.952","0.544","0.398","0.935"
752,1,"1.278","0.623","-0.655","0.540","0.400","0.945"
753,1,"1.327","0.647","-0.680","0.539","0.402","0.950"
754,1,"1.327","0.647","-0.680","0.539","0.402","0.950"
755,1,"2.115","0.690","-1.425","0.555","0.388","0.896"
756,1,"1.647","0.702","-0.944","0.543","0.398","0.937"
757,1,"0.938","0.680","-0.258","0.518","0.421","1.030"
758,1,"1.642","0.660","-0.982","0.547","0.395","0.923"
759,1,"1.638","0.623","-1.016","0.551","0.390","0.907"
760,1,"1.642","0.653","-0.989","0.548","0.394","0.920"
761,1,"1.390","0.664","-0.726","0.539","0.402","0.950"
762,1,"2.115","0.690","-1.425","0.555","0.388","0.896"
763,1,"1.497","0.691","-0.805","0.540","0.401","0.948"
764,1,"7.924","0.751","-7.173","0.846","0.122","0.196"
765,1,"1.279","0.633","-0.646","0.539","0.402","0.950"
766,1,"1.280","0.649","-0.630","0.537","0.403","0.957"
767,1,"1.497","0.691","-0.805","0.540","0.401","0.948"
768,1,"1.281","0.663","-0.618","0.536","0.405","0.963"
769,1,"1.395","0.736","-0.659","0.533","0.407","0.973"
770,1,"1.500","0.672","-0.827","0.542","0.399","0.941"
771,1,"1.280","0.649","-0.630","0.537","0.403","0.957"
772,1,"1.281","0.668","-0.613","0.535","0.405","0.965"
773,1,"2.118","0.709","-1.409","0.554","0.389","0.901"
774,1,"2.115","0.690","-1.425","0.555","0.388","0.896"
775,1,"1.078","0.665","-0.413","0.527","0.413","0.994"
776,1,"2.118","0.710","-1.408","0.554","0.389","0.902"
777,1,"1.079","0.681","-0.398","0.526","0.414","1.001"
778,1,"0.938","0.660","-0.278","0.520","0.419","1.022"
779,1,"2.115","0.690","-1.425","0.555","0.388","0.896"
780,1,"2.118","0.709","-1.409","0.554","0.389","0.901"
781,1,"1.281","0.668","-0.613","0.535","0.405","0.965"
782,1,"1.638","0.623","-1.016","0.551","0.390","0.907"
783,1,"1.389","0.650","-0.739","0.541","0.400","0.944"
784,1,"2.115","0.690","-1.425","0.555","0.388","0.896"
785,1,"0.938","0.664","-0.273","0.519","0.420","1.024"
786,1,"2.118","0.710","-1.408","0.554","0.389","0.902"
787,1,"2.115","0.690","-1.425","0.555","0.388","0.896"
788,1,"1.391","0.668","-0.723","0.539","0.402","0.951"
789,1,"1.080","0.696","-0.383","0.524","0.415","1.006"
790,1,"2.118","0.710","-1.408","0.554","0.389","0.902"
791,1,"1.390","0.664","-0.726","0.539","0.402","0.950"
792,1,"1.386","0.611","-0.775","0.545","0.395","0.925"
793,1,"1.386","0.611","-0.775","0.545","0.395","0.925"
794,1,"1.391","0.668","-0.723","0.539","0.402","0.951"
795,1,"2.118","0.710","-1.408","0.554","0.389","0.902"
796,1,"1.942","3.649","1.707","0.280","0.667","2.836"
797,1,"1.638","0.623","-1.016","0.551","0.390","0.907"
798,1,"1.282","0.683","-0.598","0.534","0.407","0.971"
799,1,"1.282","0.683","-0.598","0.534","0.407","0.971"
800,1,"1.638","0.623","-1.016","0.551","0.390","0.907"
801,1,"1.646","0.694","-0.952","0.544","0.398","0.935"
802,1,"1.638","0.623","-1.016","0.551","0.390","0.907"
803,1,"1.392","0.688","-0.704","0.537","0.404","0.958"
804,1,"2.115","0.690","-1.425","0.555","0.388","0.896"
805,1,"1.500","0.672","-0.827","0.542","0.399","0.941"
806,1,"1.497","0.691","-0.805","0.540","0.401","0.948"
807,1,"1.386","0.611","-0.775","0.545","0.395","0.925"
808,1,"1.644","0.677","-0.968","0.545","0.396","0.929"
809,1,"12.401","0.680","-11.720","0.887","0.089","0.138"
810,1,"1.392","0.688","-0.704","0.537","0.404","0.958"
811,1,"2.118","0.710","-1.408","0.554","0.389","0.902"
812,1,"1.386","0.611","-0.775","0.545","0.395","0.925"
813,1,"1.078","0.650","-0.428","0.529","0.411","0.988"
814,1,"1.773","0.681","-1.092","0.548","0.394","0.919"
815,1,"1.548","0.644","-0.904","0.546","0.395","0.925"
816,1,"1.392","0.688","-0.704","0.537","0.404","0.958"
817,1,"1.638","0.623","-1.016","0.551","0.390","0.907"
818,1,"2.072","14.542","12.470","0.067","0.897","12.343"
819,1,"2.118","0.709","-1.409","0.554","0.389","0.901"
820,1,"1.644","0.677","-0.968","0.545","0.396","0.929"
821,1,"1.002","0.690","-0.313","0.521","0.419","1.019"
822,1,"1.278","0.623","-0.655","0.540","0.400","0.945"
823,1,"7.858","0.663","-7.194","0.852","0.117","0.188"
824,1,"1.079","0.681","-0.398","0.526","0.414","1.001"
825,1,"2.118","0.710","-1.408","0.554","0.389","0.902"
826,1,"1.138","0.666","-0.471","0.530","0.410","0.985"
827,1,"1.390","0.664","-0.726","0.539","0.402","0.950"
828,1,"1.278","0.623","-0.655","0.540","0.400","0.945"
829,1,"1.389","0.650","-0.739","0.541","0.400","0.944"
830,1,"1.644","0.677","-0.968","0.545","0.396","0.929"
831,1,"1.280","0.649","-0.630","0.537","0.403","0.957"
832,1,"0.938","0.680","-0.258","0.518","0.421","1.030"
833,1,"1.076","0.615","-0.461","0.533","0.407","0.970"
834,1,"1.043","3.500","2.457","0.248","0.701","3.324"
835,1,"2.118","0.710","-1.408","0.554","0.389","0.902"
836,1,"2.115","0.690","-1.425","0.555","0.388","0.896"
837,1,"1.647","0.702","-0.944","0.543","0.398","0.937"
838,1,"1.282","0.683","-0.598","0.534","0.407","0.971"
839,1,"1.644","0.677","-0.968","0.545","0.396","0.929"
840,1,"1.078","0.651","-0.427","0.529","0.411","0.988"
841,1,"1.278","0.623","-0.655","0.540","0.400","0.945"
842,1,"1.282","0.683","-0.598","0.534","0.407","0.971"
843,1,"1.644","0.677","-0.968","0.545","0.396","0.929"
844,1,"1.391","0.668","-0.723","0.539","0.402","0.951"
845,1,"1.280","0.649","-0.630","0.537","0.403","0.957"
846,1,"1.280","0.649","-0.630","0.537","0.403","0.957"
847,1,"1.803","0.690","-1.113","0.548","0.394","0.920"
848,1,"1.078","0.665","-0.413","0.527","0.413","0.994"
849,1,"0.937","0.620","-0.316","0.524","0.415","1.002"
850,1,"1.391","0.668","-0.723","0.539","0.402","0.951"
851,1,"1.642","0.653","-0.989","0.548","0.394","0.920"
852,1,"1.389","0.650","-0.739","0.541","0.400","0.944"
853,1,"2.115","0.690","-1.425","0.555","0.388","0.896"
854,1,"2.128","3.723","1.595","0.284","0.663","2.784"
855,1,"1.638","0.623","-1.016","0.551","0.390","0.907"
856,1,"1.079","0.681","-0.398","0.526","0.414","1.001"
857,1,"0.938","0.680","-0.258","0.518","0.421","1.030"
858,1,"1.278","0.623","-0.655","0.540","0.400","0.945"
859,1,"1.281","0.663","-0.618","0.536","0.405","0.963"
860,1,"1.281","0.668","-0.613","0.535","0.405","0.965"
861,1,"1.327","0.647","-0.680","0.539","0.402","0.950"
862,1,"1.386","0.611","-0.775","0.545","0.395","0.925"
863,1,"1.277","0.610","-0.667","0.542","0.399","0.938"
864,1,"1.327","0.647","-0.680","0.539","0.402","0.950"
865,1,"0.937","0.620","-0.316","0.524","0.415","1.002"
866,1,"1.390","0.664","-0.726","0.539","0.402","0.950"
867,1,"1.644","0.677","-0.968","0.545","0.396","0.929"
868,1,"2.118","0.709","-1.409","0.554","0.389","0.901"
869,1,"2.375","0.606","-1.768","0.569","0.374","0.845"
870,1,"1.391","0.668","-0.723","0.539","0.402","0.951"
871,1,"1.280","0.649","-0.630","0.537","0.403","0.957"
872,1,"2.115","0.690","-1.425","0.555","0.388","0.896"
873,1,"1.080","0.696","-0.383","0.524","0.415","1.006"
874,1,"1.281","0.663","-0.618","0.536","0.405","0.963"
875,1,"1.279","0.635","-0.644","0.539","0.402","0.950"
876,1,"1.389","0.650","-0.739","0.541","0.400","0.944"
877,1,"5.176","0.735","-4.441","0.814","0.149","0.247"
878,1,"1.497","0.691","-0.805","0.540","0.401","0.948"
879,1,"1.137","0.648","-0.489","0.532","0.408","0.977"
880,1,"1.282","0.683","-0.598","0.534","0.407","0.971"
881,1,"1.390","0.664","-0.726","0.539","0.402","0.950"
882,1,"0.969","0.667","-0.302","0.521","0.418","1.017"
883,1,"1.281","0.663","-0.618","0.536","0.405","0.963"
884,1,"1.279","0.635","-0.644","0.539","0.402","0.950"
885,1,"1.282","0.683","-0.598","0.534","0.407","0.971"
886,1,"2.382","0.638","-1.744","0.566","0.378","0.859"
887,1,"0.938","0.660","-0.278","0.520","0.419","1.022"
888,1,"1.638","0.623","-1.016","0.551","0.390","0.907"
889,1,"1.282","0.683","-0.598","0.534","0.407","0.971"
890,1,"1.389","0.650","-0.739","0.541","0.400","0.944"
891,1,"1.282","0.683","-0.598","0.534","0.407","0.971"
892,1,"1.280","0.649","-0.630","0.537","0.403","0.957"
893,1,"1.389","0.650","-0.739","0.541","0.400","0.944"
894,1,"1.497","0.691","-0.805","0.540","0.401","0.948"
895,1,"2.115","0.690","-1.425","0.555","0.388","0.896"
896,1,"1.500","0.672","-0.827","0.542","0.399","0.941"
897,1,"1.386","0.611","-0.775","0.545","0.395","0.925"
898,1,"1.638","0.623","-1.016","0.551","0.390","0.907"
899,1,"1.280","0.649","-0.630","0.537","0.403","0.957"
900,1,"2.375","0.606","-1.768","0.569","0.374","0.845"
901,1,"2.115","0.690","-1.425","0.555","0.388","0.896"
902,1,"2.375","0.606","-1.768","0.569","0.374","0.845"
903,1,"1.280","0.649","-0.630","0.537","0.403","0.957"
904,1,"1.647","0.702","-0.944","0.543","0.398","0.937"
905,1,"1.548","0.644","-0.904","0.546","0.395","0.925"
906,1,"1.638","0.623","-1.016","0.551","0.390","0.907"
907,1,"1.646","0.694","-0.952","0.544","0.398","0.935"
908,1,"1.282","0.683","-0.598","0.534","0.407","0.971"
909,1,"1.391","0.668","-0.723","0.539","0.402","0.951"
910,1,"1.395","0.736","-0.659","0.533","0.407","0.973"
911,1,"1.281","0.668","-0.613","0.535","0.405","0.965"
912,1,"1.390","0.664","-0.726","0.539","0.402","0.950"
913,1,"1.771","0.664","-1.107","0.550","0.392","0.913"
914,1,"1.646","0.694","-0.952","0.544","0.398","0.935"
915,1,"1.281","0.668","-0.613","0.535","0.405","0.965"
916,1,"0.937","0.620","-0.316","0.524","0.415","1.002"
917,1,"1.647","0.702","-0.944","0.543","0.398","0.937"
918,1,"1.773","0.680","-1.093","0.548","0.394","0.919"
919,1,"7.875","0.751","-7.125","0.846","0.122","0.197"
920,1,"2.115","0.690","-1.425","0.555","0.388","0.896"
921,1,"2.118","0.710","-1.408","0.554","0.389","0.902"
922,1,"1.327","0.647","-0.680","0.539","0.402","0.950"
923,1,"1.391","0.668","-0.723","0.539","0.402","0.951"
924,1,"5.715","0.688","-5.027","0.825","0.139","0.229"
925,1,"1.079","0.681","-0.398","0.526","0.414","1.001"
926,1,"2.115","0.690","-1.425","0.555","0.388","0.896"
927,1,"1.638","0.623","-1.016","0.551","0.390","0.907"
928,1,"1.646","0.694","-0.952","0.544","0.398","0.935"
929,1,"1.922","3.322","1.399","0.286","0.661","2.755"
930,1,"1.280","0.649","-0.630","0.537","0.403","0.957"
931,1,"1.391","0.668","-0.723","0.539","0.402","0.951"
932,1,"5.735","0.730","-5.006","0.822","0.142","0.234"
933,1,"2.118","0.710","-1.408","0.554","0.389","0.902"
934,1,"1.391","0.668","-0.723","0.539","0.402","0.951"
935,1,"2.115","0.690","-1.425","0.555","0.388","0.896"
936,1,"1.078","0.665","-0.413","0.527","0.413","0.994"
937,1,"1.392","0.688","-0.704","0.537","0.404","0.958"
938,1,"1.278","0.623","-0.655","0.540","0.400","0.945"
939,1,"1.431","2.846","1.415","0.280","0.666","2.827"
940,1,"0.937","0.632","-0.305","0.523","0.416","1.009"
941,1,"1.390","0.664","-0.726","0.539","0.402","0.950"
942,1,"1.389","0.650","-0.739","0.541","0.400","0.944"
943,1,"1.642","0.660","-0.982","0.547","0.395","0.923"
944,1,"1.389","0.650","-0.739","0.541","0.400","0.944"
945,1,"1.278","0.623","-0.655","0.540","0.400","0.945"
946,1,"1.395","0.736","-0.659","0.533","0.407","0.973"
947,1,"2.118","0.710","-1.408","0.554","0.389","0.902"
948,1,"12.285","3.297","-8.988","0.705","0.223","0.405"
949,1,"2.115","0.690","-1.425","0.555","0.388","0.896"
950,1,"1.644","0.677","-0.968","0.545","0.396","0.929"
951,1,"1.138","0.666","-0.471","0.530","0.410","0.985"
952,1,"0.938","0.664","-0.273","0.519","0.420","1.024"
953,1,"1.079","0.681","-0.398","0.526","0.414","1.001"
954,1,"2.613","3.891","1.278","0.293","0.653","2.662"
955,1,"1.646","0.694","-0.952","0.544","0.398","0.935"
956,1,"1.389","0.650","-0.739","0.541","0.400","0.944"
957,1,"2.115","0.690","-1.425","0.555","0.388","0.896"
958,1,"1.280","0.649","-0.630","0.537","0.403","0.957"
959,1,"1.497","0.691","-0.805","0.540","0.401","0.948"
960,1,"40.464","1.024","-39.441","0.998","0.000","0.001"
961,1,"1.137","0.662","-0.476","0.530","0.410","0.983"
962,1,"1.278","0.623","-0.655","0.540","0.400","0.945"
963,1,"1.281","0.668","-0.613","0.535","0.405","0.965"
964,1,"2.118","0.710","-1.408","0.554","0.389","0.902"
965,1,"2.115","0.690","-1.425","0.555","0.388","0.896"
966,1,"1.278","0.623","-0.655","0.540","0.400","0.945"
967,1,"1.078","0.650","-0.428","0.529","0.411","0.988"
968,1,"0.937","0.632","-0.305","0.523","0.416","1.009"
969,1,"1.646","0.694","-0.952","0.544","0.398","0.935"
970,1,"1.638","0.623","-1.016","0.551","0.390","0.907"
971,1,"1.282","0.683","-0.598","0.534","0.407","0.971"
972,1,"1.389","0.650","-0.739","0.541","0.400","0.944"
973,1,"1.391","0.668","-0.723","0.539","0.402","0.951"
974,1,"1.392","0.688","-0.704","0.537","0.404","0.958"
975,1,"1.642","0.660","-0.982","0.547","0.395","0.923"
976,1,"1.281","0.668","-0.613","0.535","0.405","0.965"
977,1,"1.497","0.691","-0.805","0.540","0.401","0.948"
978,1,"1.646","0.694","-0.952","0.544","0.398","0.935"
979,1,"1.644","0.677","-0.968","0.545","0.396","0.929"
980,1,"0.969","0.667","-0.302","0.521","0.418","1.017"
981,1,"1.278","0.623","-0.655","0.540","0.400","0.945"
982,1,"1.392","0.688","-0.704","0.537","0.404","0.958"
983,1,"1.279","0.633","-0.646","0.539","0.402","0.950"
984,1,"1.278","0.623","-0.655","0.540","0.400","0.945"
985,1,"1.078","0.665","-0.413","0.527","0.413","0.994"
986,1,"2.118","0.710","-1.408","0.554","0.389","0.902"
987,1,"1.281","0.668","-0.613","0.535","0.405","0.965"
988,1,"1.773","0.680","-1.093","0.548","0.394","0.919"
989,1,"1.280","0.649","-0.630","0.537","0.403","0.957"
990,1,"2.118","0.709","-1.409","0.554","0.389","0.901"
991,1,"1.138","0.666","-0.471","0.530","0.410","0.985"
992,1,"2.115","0.690","-1.425","0.555","0.388","0.896"
993,1,"1.391","0.668","-0.723","0.539","0.402","0.951"
994,1,"1.644","0.677","-0.968","0.545","0.396","0.929"
995,1,"1.548","0.644","-0.904","0.546","0.395","0.925"
996,1,"1.327","0.647","-0.680","0.539","0.402","0.950"
997,1,"0.969","0.667","-0.302","0.521","0.418","1.017"
998,1,"1.390","0.664","-0.726","0.539","0.402","0.950"
999,1,"0.938","0.680","-0.258","0.518","0.421","1.030"
1000,1,"1.803","0.690","-1.113","0.548","0.394","0.920"
1001,1,"10.836","0.689","-10.147","0.875","0.098","0.154"
1002,1,"2.115","0.690","-1.425","0.555","0.388","0.896"
1003,1,"1.642","0.660","-0.982","0.547","0.395","0.923"
1004,1,"1.327","0.647","-0.680","0.539","0.402","0.950"
1005,1,"1.771","0.664","-1.107","0.550","0.392","0.913"
1006,1,"1.390","0.664","-0.726","0.539","0.402","0.950"
1007,1,"1.647","0.702","-0.944","0.543","0.398","0.937"
1008,1,"1.138","0.666","-0.471","0.530","0.410","0.985"
1009,1,"1.281","0.663","-0.618","0.536","0.405","0.963"
1010,1,"2.594","3.895","1.300","0.293","0.653","2.669"
1011,1,"2.115","0.690","-1.425","0.555","0.388","0.896"
1012,1,"1.497","0.691","-0.805","0.540","0.401","0.948"
1013,1,"1.391","0.668","-0.723","0.539","0.402","0.951"
1014,1,"1.803","0.690","-1.113","0.548","0.394","0.920"
1015,1,"1.280","0.649","-0.630","0.537","0.403","0.957"
1016,1,"1.389","0.650","-0.739","0.541","0.400","0.944"
1017,1,"2.118","0.709","-1.409","0.554","0.389","0.901"
1018,1,"0.969","0.667","-0.302","0.521","0.418","1.017"
1019,1,"1.803","0.690","-1.113","0.548","0.394","0.920"
1020,1,"1.280","0.649","-0.630","0.537","0.403","0.957"
1021,1,"1.279","0.635","-0.644","0.539","0.402","0.950"
1022,1,"1.280","0.649","-0.630","0.537","0.403","0.957"
1023,1,"1.646","0.694","-0.952","0.544","0.398","0.935"
1024,1,"1.278","0.623","-0.655","0.540","0.400","0.945"
1025,1,"1.280","0.649","-0.630","0.537","0.403","0.957"
1026,1,"1.280","0.649","-0.630","0.537","0.403","0.957"
1027,1,"1.391","0.668","-0.723","0.539","0.402","0.951"
1028,1,"2.118","0.710","-1.408","0.554","0.389","0.902"
1029,1,"2.375","0.606","-1.768","0.569","0.374","0.845"
1030,1,"1.392","0.688","-0.704","0.537","0.404","0.958"
1031,1,"1.773","0.680","-1.093","0.548","0.394","0.919"
1032,1,"1.642","0.653","-0.989","0.548","0.394","0.920"
1033,1,"1.391","0.669","-0.722","0.539","0.402","0.952"
1034,1,"1.278","0.623","-0.655","0.540","0.400","0.945"
1035,1,"1.395","0.736","-0.659","0.533","0.407","0.973"
1036,1,"2.115","0.690","-1.425","0.555","0.388","0.896"
1037,1,"1.392","0.688","-0.704","0.537","0.404","0.958"
1038,1,"2.118","0.710","-1.408","0.554","0.389","0.902"
1039,1,"1.803","0.690","-1.113","0.548","0.394","0.920"
1040,1,"1.281","0.668","-0.613","0.535","0.405","0.965"
1041,1,"1.644","0.677","-0.968","0.545","0.396","0.929"
1042,1,"1.638","0.623","-1.016","0.551","0.390","0.907"
1043,1,"1.642","0.653","-0.989","0.548","0.394","0.920"
1044,1,"1.395","0.736","-0.659","0.533","0.407","0.973"
1045,1,"1.773","0.681","-1.092","0.548","0.394","0.919"
1046,1,"0.938","0.680","-0.258","0.518","0.421","1.030"
1047,1,"1.647","0.702","-0.944","0.543","0.398","0.937"
1048,1,"1.639","0.629","-1.010","0.550","0.391","0.910"
1049,1,"1.278","0.623","-0.655","0.540","0.400","0.945"
1050,1,"2.375","0.606","-1.768","0.569","0.374","0.845"
1051,1,"0.937","0.632","-0.305","0.523","0.416","1.009"
1052,1,"1.076","0.615","-0.461","0.533","0.407","0.970"
1053,1,"1.277","0.610","-0.667","0.542","0.399","0.938"
1054,1,"1.771","0.664","-1.107","0.550","0.392","0.913"
1055,1,"1.392","0.688","-0.704","0.537","0.404","0.958"
1056,1,"1.389","0.650","-0.739","0.541","0.400","0.944"
1057,1,"1.277","0.610","-0.667","0.542","0.399","0.938"
1058,1,"1.639","0.629","-1.010","0.550","0.391","0.910"
1059,1,"1.282","0.683","-0.598","0.534","0.407","0.971"
1060,1,"1.391","0.669","-0.722","0.539","0.402","0.952"
1061,1,"0.938","0.664","-0.273","0.519","0.420","1.024"
1062,1,"1.076","0.615","-0.461","0.533","0.407","0.970"
1063,1,"1.327","0.647","-0.680","0.539","0.402","0.950"
1064,1,"1.639","0.629","-1.010","0.550","0.391","0.910"
1065,1,"1.138","0.666","-0.471","0.530","0.410","0.985"
1066,1,"10.886","0.747","-10.138","0.872","0.101","0.159"
1067,1,"1.647","0.702","-0.944","0.543","0.398","0.937"
1068,1,"0.938","0.664","-0.273","0.519","0.420","1.024"
1069,1,"1.277","0.610","-0.667","0.542","0.399","0.938"
1070,1,"1.389","0.650","-0.739","0.541","0.400","0.944"
1071,1,"2.115","0.690","-1.425","0.555","0.388","0.896"
1072,1,"2.118","0.709","-1.409","0.554","0.389","0.901"
1073,1,"1.773","0.681","-1.092","0.548","0.394","0.919"
1074,1,"1.079","0.681","-0.398","0.526","0.414","1.001"
1075,1,"1.076","0.615","-0.461","0.533","0.407","0.970"
1076,1,"1.390","0.664","-0.726","0.539","0.402","0.950"
1077,1,"1.281","0.663","-0.618","0.536","0.405","0.963"
1078,1,"1.280","0.649","-0.630","0.537","0.403","0.957"
1079,1,"1.277","0.610","-0.667","0.542","0.399","0.938"
1080,1,"0.937","0.647","-0.291","0.521","0.418","1.016"
1081,1,"1.391","0.668","-0.723","0.539","0.402","0.951"
1082,1,"1.642","0.653","-0.989","0.548","0.394","0.920"
1083,1,"1.639","0.629","-1.010","0.550","0.391","0.910"
1084,1,"1.644","0.677","-0.968","0.545","0.396","0.929"
1085,1,"1.395","0.736","-0.659","0.533","0.407","0.973"
1086,1,"2.118","0.710","-1.408","0.554","0.389","0.902"
1087,1,"14.408","4.043","-10.364","0.713","0.212","0.381"
1088,1,"1.077","0.621","-0.456","0.532","0.408","0.974"
1089,1,"1.638","0.623","-1.016","0.551","0.390","0.907"
1090,1,"1.277","0.610","-0.667","0.542","0.399","0.938"
1091,1,"1.279","0.633","-0.646","0.539","0.402","0.950"
1092,1,"2.118","0.709","-1.409","0.554","0.389","0.901"
1093,1,"1.282","0.683","-0.598","0.534","0.407","0.971"
1094,1,"0.938","0.664","-0.273","0.519","0.420","1.024"
1095,1,"1.638","0.623","-1.016","0.551","0.390","0.907"
1096,1,"1.281","0.668","-0.613","0.535","0.405","0.965"
1097,1,"1.392","0.688","-0.704","0.537","0.404","0.958"
1098,1,"1.646","0.694","-0.952","0.544","0.398","0.935"
1099,1,"0.938","0.680","-0.258","0.518","0.421","1.030"
1100,1,"1.390","0.664","-0.726","0.539","0.402","0.950"
1101,1,"1.162","2.628","1.466","0.274","0.673","2.912"
1102,1,"2.382","0.638","-1.744","0.566","0.378","0.859"
1103,1,"1.638","0.623","-1.016","0.551","0.390","0.907"
1104,1,"1.391","0.669","-0.722","0.539","0.402","0.952"
1105,1,"1.390","0.664","-0.726","0.539","0.402","0.950"
1106,1,"2.115","0.690","-1.425","0.555","0.388","0.896"
1107,1,"1.548","0.644","-0.904","0.546","0.395","0.925"
1108,1,"1.646","0.694","-0.952","0.544","0.398","0.935"
1109,1,"15.663","0.714","-14.949","0.904","0.075","0.115"
1110,1,"1.647","0.702","-0.944","0.543","0.398","0.937"
1111,1,"2.118","0.709","-1.409","0.554","0.389","0.901"
1112,1,"1.386","0.611","-0.775","0.545","0.395","0.925"
1113,1,"2.115","0.690","-1.425","0.555","0.388","0.896"
1114,1,"0.969","0.667","-0.302","0.521","0.418","1.017"
1115,1,"1.391","0.668","-0.723","0.539","0.402","0.951"
1116,1,"1.281","0.663","-0.618","0.536","0.405","0.963"
1117,1,"1.390","0.664","-0.726","0.539","0.402","0.950"
1118,1,"7.867","0.729","-7.138","0.847","0.121","0.195"
1119,1,"1.079","0.681","-0.398","0.526","0.414","1.001"
1120,1,"1.390","0.664","-0.726","0.539","0.402","0.950"
1121,1,"1.638","0.623","-1.016","0.551","0.390","0.907"
1122,1,"1.259","3.469","2.210","0.259","0.689","3.134"
1123,1,"1.279","0.635","-0.644","0.539","0.402","0.950"
1124,1,"1.459","3.815","2.356","0.260","0.687","3.114"
1125,1,"1.079","0.681","-0.398","0.526","0.414","1.001"
1126,1,"1.642","0.653","-0.989","0.548","0.394","0.920"
1127,1,"1.644","0.677","-0.968","0.545","0.396","0.929"
1128,1,"1.281","0.668","-0.613","0.535","0.405","0.965"
1129,1,"1.391","0.669","-0.722","0.539","0.402","0.952"
1130,1,"1.500","0.672","-0.827","0.542","0.399","0.941"
1131,1,"1.395","0.736","-0.659","0.533","0.407","0.973"
1132,1,"1.391","0.668","-0.723","0.539","0.402","0.951"
1133,1,"0.938","0.664","-0.273","0.519","0.420","1.024"
1134,1,"1.079","0.681","-0.398","0.526","0.414","1.001"
1135,1,"1.079","0.681","-0.398","0.526","0.414","1.001"
1136,1,"1.390","0.664","-0.726","0.539","0.402","0.950"
1137,1,"1.281","0.668","-0.613","0.535","0.405","0.965"
1138,1,"1.647","0.702","-0.944","0.543","0.398","0.937"
1139,1,"1.644","0.677","-0.968","0.545","0.396","0.929"
1140,1,"1.277","0.610","-0.667","0.542","0.399","0.938"
1141,1,"1.327","0.647","-0.680","0.539","0.402","0.950"
1142,1,"2.115","0.690","-1.425","0.555","0.388","0.896"
1143,1,"1.277","0.610","-0.667","0.542","0.399","0.938"
1144,1,"2.118","0.709","-1.409","0.554","0.389","0.901"
1145,1,"1.497","0.691","-0.805","0.540","0.401","0.948"
1146,1,"1.078","0.665","-0.413","0.527","0.413","0.994"
1147,1,"1.392","0.688","-0.704","0.537","0.404","0.958"
1148,1,"1.076","0.615","-0.461","0.533","0.407","0.970"
1149,1,"1.773","0.681","-1.092","0.548","0.394","0.919"
1150,1,"1.773","0.680","-1.093","0.548","0.394","0.919"
1151,1,"1.773","0.680","-1.093","0.548","0.394","0.919"
1152,1,"1.497","0.691","-0.805","0.540","0.401","0.948"
1153,1,"1.644","0.677","-0.968","0.545","0.396","0.929"
1154,1,"2.118","0.710","-1.408","0.554","0.389","0.902"
1155,1,"1.647","0.702","-0.944","0.543","0.398","0.937"
1156,1,"1.638","0.623","-1.016","0.551","0.390","0.907"
1157,1,"1.773","0.681","-1.092","0.548","0.394","0.919"
1158,1,"1.646","0.694","-0.952","0.544","0.398","0.935"
1159,1,"1.639","0.629","-1.010","0.550","0.391","0.910"
1160,1,"1.390","0.664","-0.726","0.539","0.402","0.950"
1161,1,"1.392","0.688","-0.704","0.537","0.404","0.958"
1162,1,"1.386","0.611","-0.775","0.545","0.395","0.925"
1163,1,"1.644","0.677","-0.968","0.545","0.396","0.929"
1164,1,"1.281","0.668","-0.613","0.535","0.405","0.965"
1165,1,"1.644","0.677","-0.968","0.545","0.396","0.929"
1166,1,"1.497","0.691","-0.805","0.540","0.401","0.948"
1167,1,"1.282","0.683","-0.598","0.534","0.407","0.971"
1168,1,"1.078","0.665","-0.413","0.527","0.413","0.994"
1169,1,"6.228","0.719","-5.510","0.829","0.136","0.222"
1170,1,"1.279","0.635","-0.644","0.539","0.402","0.950"
1171,1,"0.938","0.680","-0.258","0.518","0.421","1.030"
1172,1,"1.391","0.668","-0.723","0.539","0.402","0.951"
1173,1,"1.646","0.694","-0.952","0.544","0.398","0.935"
1174,1,"1.280","0.649","-0.630","0.537","0.403","0.957"
1175,1,"1.392","0.688","-0.704","0.537","0.404","0.958"
1176,1,"1.281","0.668","-0.613","0.535","0.405","0.965"
1177,1,"1.391","0.669","-0.722","0.539","0.402","0.952"
1178,1,"1.079","0.681","-0.398","0.526","0.414","1.001"
1179,1,"1.391","0.668","-0.723","0.539","0.402","0.951"
1180,1,"2.115","0.690","-1.425","0.555","0.388","0.896"
1181,1,"2.118","0.710","-1.408","0.554","0.389","0.902"
1182,1,"2.118","0.709","-1.409","0.554","0.389","0.901"
1183,1,"1.391","0.668","-0.723","0.539","0.402","0.951"
1184,1,"1.078","0.665","-0.413","0.527","0.413","0.994"
1185,1,"0.937","0.630","-0.306","0.523","0.416","1.008"
1186,1,"0.937","0.620","-0.316","0.524","0.415","1.002"
1187,1,"1.646","0.694","-0.952","0.544","0.398","0.935"
1188,1,"1.773","0.680","-1.093","0.548","0.394","0.919"
1189,1,"1.281","0.668","-0.613","0.535","0.405","0.965"
1190,1,"0.937","0.647","-0.291","0.521","0.418","1.016"
1191,1,"1.773","0.681","-1.092","0.548","0.394","0.919"
1192,1,"1.646","0.694","-0.952","0.544","0.398","0.935"
1193,1,"1.497","0.691","-0.805","0.540","0.401","0.948"
1194,1,"1.646","0.694","-0.952","0.544","0.398","0.935"
1195,1,"2.118","0.709","-1.409","0.554","0.389","0.901"
1196,1,"1.279","0.635","-0.644","0.539","0.402","0.950"
1197,1,"0.937","0.620","-0.316","0.524","0.415","1.002"
1198,1,"0.969","0.667","-0.302","0.521","0.418","1.017"
1199,1,"1.644","0.677","-0.968","0.545","0.396","0.929"
1200,1,"0.937","0.620","-0.316","0.524","0.415","1.002"
1201,1,"2.115","0.690","-1.425","0.555","0.388","0.896"
1202,1,"2.118","0.709","-1.409","0.554","0.389","0.901"
1203,1,"1.278","0.623","-0.655","0.540","0.400","0.945"
1204,1,"1.395","0.736","-0.659","0.533","0.407","0.973"
1205,1,"1.773","0.681","-1.092","0.548","0.394","0.919"
1206,1,"1.647","0.702","-0.944","0.543","0.398","0.937"
1207,1,"1.773","0.680","-1.093","0.548","0.394","0.919"
1208,1,"1.771","0.664","-1.107","0.550","0.392","0.913"
1209,1,"1.647","0.702","-0.944","0.543","0.398","0.937"
1210,1,"1.500","0.672","-0.827","0.542","0.399","0.941"
1211,1,"2.118","0.710","-1.408","0.554","0.389","0.902"
1212,1,"2.382","0.638","-1.744","0.566","0.378","0.859"
1213,1,"1.386","0.611","-0.775","0.545","0.395","0.925"
1214,1,"2.382","0.638","-1.744","0.566","0.378","0.859"
1215,1,"1.080","0.696","-0.383","0.524","0.415","1.006"
1216,1,"1.391","0.668","-0.723","0.539","0.402","0.951"
1217,1,"2.382","0.638","-1.744","0.566","0.378","0.859"
1218,1,"1.002","0.690","-0.313","0.521","0.419","1.019"
1219,1,"1.282","0.683","-0.598","0.534","0.407","0.971"
1220,1,"1.638","0.623","-1.016","0.551","0.390","0.907"
1221,1,"1.500","0.672","-0.827","0.542","0.399","0.941"
1222,1,"1.280","0.649","-0.630","0.537","0.403","0.957"
1223,1,"0.938","0.680","-0.258","0.518","0.421","1.030"
1224,1,"1.327","0.647","-0.680","0.539","0.402","0.950"
1225,1,"1.391","0.668","-0.723","0.539","0.402","0.951"
1226,1,"0.937","0.647","-0.291","0.521","0.418","1.016"
1227,1,"1.500","0.672","-0.827","0.542","0.399","0.941"
1228,1,"1.595","3.503","1.909","0.271","0.676","2.949"
1229,1,"2.375","0.606","-1.768","0.569","0.374","0.845"
1230,1,"1.138","0.666","-0.471","0.530","0.410","0.985"
1231,1,"1.390","0.664","-0.726","0.539","0.402","0.950"
1232,1,"1.391","0.668","-0.723","0.539","0.402","0.951"
1233,1,"2.375","0.606","-1.768","0.569","0.374","0.845"
1234,1,"1.278","0.623","-0.655","0.540","0.400","0.945"
1235,1,"1.175","3.163","1.988","0.261","0.686","3.095"
1236,1,"1.642","0.653","-0.989","0.548","0.394","0.920"
1237,1,"2.375","0.606","-1.768","0.569","0.374","0.845"
1238,1,"0.938","0.660","-0.278","0.520","0.419","1.022"
1239,1,"1.642","0.660","-0.982","0.547","0.395","0.923"
1240,1,"1.078","0.651","-0.427","0.529","0.411","0.988"
1241,1,"15.640","0.762","-14.878","0.902","0.077","0.117"
1242,1,"1.642","0.660","-0.982","0.547","0.395","0.923"
1243,1,"1.642","0.653","-0.989","0.548","0.394","0.920"
1244,1,"0.937","0.620","-0.316","0.524","0.415","1.002"
1245,1,"1.773","0.681","-1.092","0.548","0.394","0.919"
1246,1,"0.938","0.680","-0.258","0.518","0.421","1.030"
1247,1,"1.642","0.653","-0.989","0.548","0.394","0.920"
1248,1,"1.642","0.653","-0.989","0.548","0.394","0.920"
1249,1,"1.279","0.635","-0.644","0.539","0.402","0.950"
1250,1,"1.642","0.653","-0.989","0.548","0.394","0.920"
1251,1,"1.650","5.003","3.354","0.248","0.701","3.325"
1252,1,"0.937","0.632","-0.305","0.523","0.416","1.009"
1253,1,"1.078","0.651","-0.427","0.529","0.411","0.988"
1254,1,"1.078","0.651","-0.427","0.529","0.411","0.988"
1255,1,"2.118","0.710","-1.408","0.554","0.389","0.902"
1256,1,"1.638","0.623","-1.016","0.551","0.390","0.907"
1257,1,"1.948","3.648","1.700","0.280","0.667","2.834"
1258,1,"4.259","49.767","45.509","0.000","0.972","49.573"
1259,1,"13.214","39.900","26.686","0.043","0.846","7.792"
1260,1,"1.078","0.665","-0.413","0.527","0.413","0.994"
1261,1,"1.279","0.635","-0.644","0.539","0.402","0.950"
1262,1,"1.773","0.680","-1.093","0.548","0.394","0.919"
1263,1,"1.536","2.455","0.919","0.294","0.651","2.640"
1264,1,"1.260","3.469","2.209","0.259","0.689","3.133"
1265,1,"0.937","0.620","-0.316","0.524","0.415","1.002"
1266,1,"2.118","0.710","-1.408","0.554","0.389","0.902"
1267,1,"1.395","0.736","-0.659","0.533","0.407","0.973"
1268,1,"0.938","0.664","-0.273","0.519","0.420","1.024"
1269,1,"2.118","0.710","-1.408","0.554","0.389","0.902"
1270,1,"1.497","0.691","-0.805","0.540","0.401","0.948"
1271,1,"1.639","0.629","-1.010","0.550","0.391","0.910"
1272,1,"1.080","0.696","-0.383","0.524","0.415","1.006"
1273,1,"1.390","0.664","-0.726","0.539","0.402","0.950"
